{"solver": "GUROBI_CMD", "relaxed": false, "log_file": "/tmp/gurobi.log.g6o_gbou", "opt_time": 2700.930605173111, "method_name": "MILP", "total_violated": 291, "hist": {"0": 624, "1": 45, "2": 10, "15": 7, "4": 3, "3": 3, "6": 2, "18": 1, "17": 1, "14": 1, "12": 1, "10": 1, "9": 1, "8": 1}, "max_violated": 18, "boost_weights": {"('concat_all', 'concat_all')": 108.27417033997997, "('concat_all', 'concat_all.3gram')": 1.0, "('description', 'concat_all')": 53.3734105809083, "('description', 'concat_all.3gram')": 37.28356565032048, "('name', 'concat_all')": 195.81189719641264, "('name', 'concat_all.3gram')": 68.38019720050093, "('name', 'name')": 11.313212198676716, "('name', 'name.3gram')": 154.97627459866592, "('price', 'concat_all.3gram')": 635.5644273741142, "('price', 'price.3gram')": 856.3087546615669}, "time_series": {"time": [1, 4, 9, 9, 9, 10, 10, 10, 10, 10, 10, 10, 10, 10, 10, 10, 11, 11, 11, 11, 11, 11, 11, 11, 11, 11, 11, 11, 11, 11, 11, 11, 11, 11, 11, 11, 11, 11, 11, 11, 11, 11, 11, 11, 11, 12, 12, 12, 12, 12, 12, 12, 12, 12, 12, 12, 12, 12, 12, 12, 12, 12, 12, 12, 12, 13, 13, 13, 13, 13, 13, 13, 13, 13, 13, 13, 13, 13, 13, 13, 13, 13, 13, 13, 13, 13, 13, 13, 14, 14, 14, 14, 14, 14, 14, 14, 14, 14, 14, 14, 14, 14, 14, 14, 14, 14, 14, 14, 14, 14, 14, 14, 14, 14, 14, 14, 14, 15, 15, 15, 15, 15, 15, 15, 15, 15, 15, 15, 15, 15, 15, 15, 15, 15, 15, 15, 15, 15, 15, 15, 15, 16, 16, 16, 16, 16, 16, 16, 16, 16, 16, 16, 16, 16, 16, 16, 16, 16, 16, 16, 17, 17, 17, 17, 17, 17, 17, 17, 17, 17, 18, 18, 18, 18, 18, 18, 18, 18, 19, 19, 19, 19, 19, 19, 19, 19, 19, 19, 19, 20, 20, 20, 20, 21, 21, 21, 21, 49, 50, 119, 235, 240, 245, 289, 314, 337, 340, 345, 350, 355, 360, 365, 370, 375, 394, 405, 410, 415, 435, 469, 476, 480, 487, 509, 510, 515, 520, 525, 531, 569, 570, 575, 580, 601, 606, 611, 616, 622, 626, 630, 635, 640, 646, 651, 734, 749, 758, 760, 765, 770, 775, 780, 785, 790, 795, 801, 805, 810, 815, 820, 825, 831, 835, 840, 845, 850, 855, 860, 865, 870, 880, 885, 890, 895, 900, 906, 910, 915, 921, 926, 930, 935, 940, 945, 950, 955, 960, 965, 970, 979, 980, 985, 991, 1032, 1066, 1071, 1079, 1094, 1220, 1225, 1230, 1235, 1251, 1256, 1266, 1273, 1276, 1283, 1285, 1377, 1387, 1391, 1397, 1400, 1406, 1413, 1417, 1422, 1426, 1430, 1438, 1443, 1449, 1454, 1460, 1465, 1472, 1478, 1484, 1490, 1497, 1512, 1525, 1537, 1549, 1559, 1568, 1578, 1587, 1601, 1612, 1623, 1635, 1647, 1659, 1674, 1696, 1712, 1746, 1764, 1780, 1812, 1834, 1857, 1886, 1904, 1922, 1937, 1956, 1976, 1996, 2017, 2036, 2060, 2077, 2095, 2111, 2126, 2159, 2176, 2194, 2216, 2232, 2255, 2272, 2289, 2307, 2328, 2349, 2369, 2394, 2412, 2427, 2468, 2490, 2511, 2530, 2546, 2585, 2604, 2621, 2638, 2654, 2671, 2685], "obj_val": [426.0, 344.0, 333.0, 333.0, 333.0, 327.0, 327.0, 327.0, 327.0, 327.0, 327.0, 327.0, 327.0, 327.0, 327.0, 327.0, 327.0, 327.0, 327.0, 327.0, 327.0, 327.0, 327.0, 327.0, 327.0, 327.0, 327.0, 327.0, 327.0, 327.0, 327.0, 327.0, 327.0, 327.0, 327.0, 327.0, 327.0, 327.0, 327.0, 327.0, 327.0, 327.0, 327.0, 327.0, 327.0, 327.0, 327.0, 327.0, 327.0, 327.0, 327.0, 327.0, 327.0, 327.0, 327.0, 327.0, 327.0, 327.0, 327.0, 327.0, 327.0, 327.0, 327.0, 327.0, 327.0, 327.0, 327.0, 327.0, 327.0, 327.0, 313.0, 313.0, 313.0, 313.0, 313.0, 313.0, 313.0, 313.0, 313.0, 313.0, 313.0, 313.0, 313.0, 313.0, 313.0, 313.0, 313.0, 313.0, 313.0, 313.0, 313.0, 313.0, 313.0, 313.0, 313.0, 313.0, 313.0, 313.0, 313.0, 313.0, 313.0, 313.0, 313.0, 313.0, 313.0, 313.0, 313.0, 313.0, 313.0, 313.0, 313.0, 313.0, 313.0, 313.0, 313.0, 313.0, 313.0, 313.0, 313.0, 313.0, 313.0, 313.0, 313.0, 313.0, 313.0, 313.0, 313.0, 313.0, 313.0, 313.0, 313.0, 313.0, 313.0, 313.0, 313.0, 313.0, 313.0, 313.0, 313.0, 313.0, 313.0, 313.0, 313.0, 313.0, 313.0, 313.0, 313.0, 313.0, 313.0, 313.0, 313.0, 313.0, 313.0, 313.0, 313.0, 313.0, 313.0, 313.0, 313.0, 313.0, 313.0, 313.0, 313.0, 313.0, 313.0, 313.0, 313.0, 313.0, 313.0, 313.0, 313.0, 313.0, 313.0, 313.0, 313.0, 313.0, 313.0, 313.0, 313.0, 313.0, 313.0, 313.0, 313.0, 313.0, 313.0, 313.0, 313.0, 313.0, 313.0, 313.0, 313.0, 313.0, 313.0, 313.0, 313.0, 313.0, 313.0, 313.0, 313.0, 299.0, 297.0, 297.0, 297.0, 297.0, 297.0, 297.0, 297.0, 297.0, 297.0, 297.0, 297.0, 297.0, 297.0, 297.0, 297.0, 297.0, 297.0, 297.0, 297.0, 297.0, 297.0, 297.0, 297.0, 296.0, 296.0, 296.0, 296.0, 296.0, 296.0, 296.0, 291.0, 291.0, 291.0, 291.0, 291.0, 291.0, 291.0, 291.0, 291.0, 291.0, 291.0, 291.0, 291.0, 291.0, 291.0, 291.0, 291.0, 291.0, 291.0, 291.0, 291.0, 291.0, 291.0, 291.0, 291.0, 291.0, 291.0, 291.0, 291.0, 291.0, 291.0, 291.0, 291.0, 291.0, 291.0, 291.0, 291.0, 291.0, 291.0, 291.0, 291.0, 291.0, 291.0, 291.0, 291.0, 291.0, 291.0, 291.0, 291.0, 291.0, 291.0, 291.0, 291.0, 291.0, 291.0, 291.0, 291.0, 291.0, 291.0, 291.0, 291.0, 291.0, 291.0, 291.0, 291.0, 291.0, 291.0, 291.0, 291.0, 291.0, 291.0, 291.0, 291.0, 291.0, 291.0, 291.0, 291.0, 291.0, 291.0, 291.0, 291.0, 291.0, 291.0, 291.0, 291.0, 291.0, 291.0, 291.0, 291.0, 291.0, 291.0, 291.0, 291.0, 291.0, 291.0, 291.0, 291.0, 291.0, 291.0, 291.0, 291.0, 291.0, 291.0, 291.0, 291.0, 291.0, 291.0, 291.0, 291.0, 291.0, 291.0, 291.0, 291.0, 291.0, 291.0, 291.0, 291.0, 291.0, 291.0, 291.0, 291.0, 291.0, 291.0, 291.0, 291.0, 291.0, 291.0, 291.0, 291.0, 291.0, 291.0, 291.0, 291.0, 291.0, 291.0, 291.0, 291.0, 291.0, 291.0, 291.0, 291.0, 291.0, 291.0, 291.0, 291.0, 291.0, 291.0, 291.0, 291.0, 291.0, 291.0, 291.0, 291.0, 291.0, 291.0, 291.0, 291.0, 291.0, 291.0, 291.0, 291.0, 291.0, 291.0, 291.0, 291.0]}, "dataset": "Abt-Buy", "dataset_path": "/home/derek/cs787/proj/data/Abt-Buy.parquet", "time_ran": "2022-04-18 15:39:55.923555"}
{"solver": "GUROBI_CMD", "relaxed": false, "log_file": "/tmp/gurobi.log.g6o_gbou", "opt_time": 2703.92427110672, "method_name": "MILP", "total_violated": 1082, "hist": {"0": 735, "1": 668, "2": 123, "3": 27, "4": 7, "6": 4, "5": 2, "25": 1}, "max_violated": 25, "boost_weights": {"('Location', 'concat_all')": 1.0, "('Name', 'Name')": 424.45462547405987, "('Name', 'Name.3gram')": 292.4307838455512, "('Name', 'concat_all')": 469.37763014906886, "('Name', 'concat_all.3gram')": 1919.2790687496592}, "time_series": {"time": [7, 20, 67, 71, 71, 72, 76, 87, 88, 89, 90, 90, 90, 91, 91, 91, 91, 91, 100, 131, 131, 132, 132, 132, 144, 145, 146, 146, 147, 147, 147, 147, 151, 151, 151, 151, 152, 152, 155, 155, 155, 155, 158, 158, 158, 159, 159, 161, 162, 163, 163, 165, 166, 166, 166, 167, 169, 169, 169, 170, 172, 172, 172, 173, 173, 175, 176, 176, 178, 403, 403, 404, 404, 404, 406, 533, 533, 535, 536, 536, 536, 537, 538, 539, 540, 540, 541, 541, 541, 543, 543, 543, 544, 545, 545, 546, 546, 547, 548, 732, 738, 743, 746, 752, 756, 769, 776, 801, 806, 812, 816, 822, 825, 833, 836, 842, 846, 861, 868, 972, 1045, 1309, 1327, 1343, 1349, 1353, 1356, 1360, 1378, 1474, 1475, 1480, 1498, 1684, 1685, 1698, 1901, 1905, 1921, 2080, 2097, 2270, 2329, 2345, 2360, 2532, 2673, 2688],