{"solver": "GUROBI_CMD", "relaxed": false, "log_file": "/tmp/gurobi.log.x4v57t0e", "setup_time": 29.962289810180664, "opt_time": 2700.78342628479, "method_name": "MILP", "total_violated": 299, "hist": {"0": 636, "1": 36, "2": 9, "17": 6, "20": 3, "13": 3, "4": 3, "3": 2, "15": 1, "6": 1, "5": 1}, "max_violated": 20, "boost_weights": {"('concat_all', 'concat_all')": 7.884262291590046, "('concat_all', 'concat_all.3gram')": 2.2563509578984204, "('name', 'concat_all')": 0.3264111563215749, "('name', 'concat_all.3gram')": 11.875243471358422, "('name', 'name')": 13.495385111535462, "('name', 'name.3gram')": 2.3208727439055252}, "time_series": {"time": [1, 4, 10, 10, 10, 11, 33, 33, 34, 34, 34, 34, 34, 54, 54, 54, 54, 54, 54, 54, 54, 54, 54, 54, 54, 54, 54, 54, 54, 54, 54, 54, 54, 54, 54, 54, 55, 55, 55, 55, 55, 55, 55, 55, 55, 55, 55, 55, 55, 55, 55, 55, 55, 55, 55, 55, 55, 55, 55, 55, 56, 56, 56, 56, 56, 56, 56, 56, 56, 56, 56, 56, 56, 56, 56, 56, 56, 56, 56, 56, 56, 57, 57, 57, 57, 57, 57, 57, 57, 57, 57, 57, 57, 57, 57, 57, 57, 57, 57, 57, 57, 57, 57, 58, 58, 58, 58, 58, 58, 58, 58, 58, 58, 58, 58, 58, 58, 58, 58, 58, 58, 58, 58, 59, 59, 59, 59, 59, 59, 59, 59, 59, 59, 59, 59, 59, 59, 59, 59, 59, 59, 59, 59, 59, 59, 60, 60, 60, 60, 60, 60, 61, 85, 164, 200, 358, 365, 425, 449, 469, 470, 475, 480, 485, 490, 495, 500, 505, 510, 515, 520, 525, 530, 535, 540, 545, 550, 555, 576, 595, 600, 605, 610, 616, 620, 625, 630, 635, 640, 645, 667, 688, 695, 700, 705, 710, 727, 769, 777, 781, 785, 793, 799, 834, 836, 840, 846, 850, 856, 860, 911, 1000, 1005, 1045, 1050, 1056, 1062, 1067, 1075, 1080, 1085, 1092, 1103, 1106, 1111, 1116, 1121, 1126, 1132, 1138, 1143, 1149, 1155, 1161, 1168, 1174, 1182, 1189, 1204, 1287, 1310, 1324, 1329, 1330, 1336, 1341, 1346, 1350, 1356, 1360, 1365, 1370, 1376, 1380, 1385, 1390, 1395, 1400, 1405, 1410, 1417, 1420, 1425, 1430, 1435, 1440, 1445, 1450, 1455, 1461, 1465, 1472, 1476, 1480, 1485, 1491, 1496, 1500, 1505, 1510, 1516, 1521, 1526, 1530, 1535, 1540, 1545, 1551, 1555, 1561, 1566, 1570, 1576, 1580, 1585, 1591, 1595, 1600, 1623, 1648, 1656, 1670, 1703, 1707, 1710, 1776, 1781, 1807, 1811, 1817, 1820, 1825, 1831, 1840, 1846, 1858, 1860, 1866, 1873, 1883, 1890, 1896, 1900, 1914, 1919, 1923, 1929, 1934, 1939, 1950, 1956, 1962, 1968, 1974, 1980, 1987, 1993, 2007, 2015, 2026, 2035, 2043, 2050, 2060, 2078, 2087, 2096, 2104, 2115, 2125, 2136, 2148, 2180, 2194, 2210, 2226, 2246, 2261, 2277, 2290, 2307, 2325, 2343, 2361, 2380, 2425, 2450, 2467, 2483, 2500, 2516, 2533, 2550, 2567, 2584, 2605, 2624, 2655, 2674, 2691], "obj_val": [722.0, 386.0, 318.0, 318.0, 318.0, 318.0, 303.0, 303.0, 303.0, 303.0, 303.0, 303.0, 303.0, 303.0, 303.0, 303.0, 303.0, 303.0, 303.0, 303.0, 303.0, 303.0, 303.0, 303.0, 303.0, 303.0, 303.0, 303.0, 303.0, 303.0, 303.0, 303.0, 303.0, 303.0, 303.0, 303.0, 303.0, 303.0, 303.0, 303.0, 303.0, 303.0, 303.0, 303.0, 303.0, 303.0, 303.0, 303.0, 303.0, 303.0, 303.0, 303.0, 303.0, 303.0, 303.0, 303.0, 303.0, 303.0, 303.0, 303.0, 303.0, 303.0, 303.0, 303.0, 303.0, 303.0, 303.0, 303.0, 303.0, 303.0, 303.0, 303.0, 303.0, 303.0, 303.0, 303.0, 303.0, 303.0, 303.0, 303.0, 303.0, 303.0, 303.0, 303.0, 303.0, 303.0, 303.0, 303.0, 303.0, 303.0, 303.0, 303.0, 303.0, 303.0, 303.0, 303.0, 303.0, 303.0, 303.0, 303.0, 303.0, 303.0, 303.0, 303.0, 303.0, 303.0, 303.0, 303.0, 303.0, 303.0, 303.0, 303.0, 303.0, 303.0, 303.0, 303.0, 303.0, 303.0, 303.0, 303.0, 303.0, 303.0, 303.0, 303.0, 303.0, 303.0, 303.0, 303.0, 303.0, 303.0, 303.0, 303.0, 303.0, 303.0, 303.0, 303.0, 303.0, 303.0, 303.0, 303.0, 303.0, 303.0, 303.0, 303.0, 303.0, 303.0, 303.0, 303.0, 303.0, 303.0, 303.0, 303.0, 303.0, 303.0, 302.0, 300.0, 300.0, 300.0, 300.0, 300.0, 300.0, 300.0, 300.0, 300.0, 300.0, 300.0, 300.0, 300.0, 300.0, 300.0, 300.0, 300.0, 300.0, 300.0, 300.0, 300.0, 300.0, 300.0, 300.0, 300.0, 300.0, 300.0, 300.0, 300.0, 300.0, 300.0, 300.0, 300.0, 300.0, 300.0, 300.0, 300.0, 300.0, 300.0, 300.0, 300.0, 300.0, 300.0, 300.0, 300.0, 300.0, 300.0, 300.0, 300.0, 300.0, 300.0, 300.0, 300.0, 300.0, 300.0, 300.0, 300.0, 300.0, 300.0, 300.0, 300.0, 300.0, 300.0, 300.0, 300.0, 300.0, 300.0, 300.0, 300.0, 300.0, 300.0, 300.0, 300.0, 300.0, 300.0, 300.0, 300.0, 300.0, 300.0, 300.0, 300.0, 300.0, 300.0, 300.0, 300.0, 300.0, 300.0, 300.0, 300.0, 300.0, 300.0, 300.0, 300.0, 300.0, 300.0, 300.0, 300.0, 300.0, 300.0, 300.0, 300.0, 300.0, 300.0, 300.0, 300.0, 300.0, 300.0, 300.0, 300.0, 300.0, 300.0, 300.0, 300.0, 300.0, 300.0, 300.0, 300.0, 300.0, 300.0, 300.0, 300.0, 300.0, 300.0, 300.0, 300.0, 300.0, 300.0, 300.0, 300.0, 300.0, 300.0, 300.0, 300.0, 300.0, 300.0, 300.0, 300.0, 300.0, 300.0, 300.0, 300.0, 300.0, 300.0, 300.0, 300.0, 300.0, 300.0, 300.0, 300.0, 300.0, 300.0, 300.0, 300.0, 300.0, 300.0, 300.0, 300.0, 300.0, 300.0, 300.0, 300.0, 300.0, 300.0, 300.0, 300.0, 300.0, 300.0, 300.0, 300.0, 300.0, 300.0, 300.0, 300.0, 300.0, 300.0, 300.0, 300.0, 300.0, 300.0, 300.0, 300.0, 300.0, 300.0, 300.0, 300.0, 300.0, 300.0, 300.0, 300.0, 300.0, 300.0, 300.0, 300.0, 300.0, 300.0, 300.0, 300.0, 300.0, 300.0, 300.0, 300.0, 300.0, 300.0, 300.0, 300.0, 300.0, 300.0, 300.0, 300.0, 300.0, 300.0, 300.0, 300.0, 300.0, 300.0, 300.0, 300.0, 300.0, 300.0, 300.0, 300.0, 300.0, 300.0, 300.0, 300.0]}, "dataset": "Abt-Buy", "dataset_path": "/home/derek/cs787/proj/data/Abt-Buy.parquet", "time_ran": "2022-04-30 22:37:50.901658", "num_constraints": 7769, "topk": 50}
{"solver": "GUROBI_CMD", "relaxed": false, "log_file": "/tmp/gurobi.log.qd1ktgjf", "setup_time": 4463.883924007416, "opt_time": 2706.6774759292603, "method_name": "MILP", "total_violated": 1104, "hist": {"0": 725, "1": 674, "2": 123, "3": 31, "4": 10, "33": 1, "7": 1, "6": 1, "5": 1}, "max_violated": 33, "boost_weights": {"('Name', 'Name.3gram')": 8.956603226878311, "('Name', 'concat_all')": 24.754944442487783, "('Name', 'concat_all.3gram')": 48.18195942332331}, "time_series": {"time": [14, 67, 206, 206, 206, 217, 317, 320, 321, 322, 322, 322, 348, 504, 504, 505, 505, 506, 529, 697, 698, 698, 699, 699, 699, 708, 1027, 1028, 1028, 1028, 1035, 1261, 1262, 1262, 1263, 1263, 1269, 2295, 2295, 2296, 2300], "obj_val": [35155.0, 1111.0, 1111.0, 1111.0, 1111.0, 1111.0, 1111.0, 1111.0, 1111.0, 1111.0, 1111.0, 1111.0, 1111.0, 1111.0, 1111.0, 1111.0, 1111.0, 1111.0, 1111.0, 1111.0, 1111.0, 1111.0, 1111.0, 1111.0, 1111.0, 1111.0, 1111.0, 1111.0, 1111.0, 1111.0, 1111.0, 1111.0, 1111.0, 1111.0, 1111.0, 1111.0, 1111.0, 1111.0, 1111.0, 1111.0, 1111.0]}, "dataset": "uwhealth", "dataset_path": "/home/derek/cs787/proj/data/uwhealth.parquet", "time_ran": "2022-05-01 00:37:26.238176", "num_constraints": 72941, "topk": 50}
{"solver": "GUROBI_CMD", "relaxed": false, "log_file": "/tmp/gurobi.log.u3rps5pw", "setup_time": 509.70759654045105, "opt_time": 1057.1060831546783, "method_name": "MILP", "total_violated": 25, "hist": {"0": 1119, "1": 14, "2": 2, "4": 1, "3": 1}, "max_violated": 4, "boost_weights": {"('brand', 'brand')": 66.21143570350846, "('category', 'concat_all')": 1.8878255575360765, "('modelno', 'modelno')": 14.59735490294671, "('modelno', 'modelno.3gram')": 22.846559258991263, "('proddescrlong', 'concat_all.3gram')": 0.08421763286523563, "('title', 'concat_all')": 0.6717184626159709, "('title', 'concat_all.3gram')": 4.516399463133822, "('title', 'title')": 24.210819153592155, "('title', 'title.3gram')": 0.14263905754152584}, "time_series": {"time": [3, 10, 35, 35, 63, 63, 63, 64, 72, 72, 72, 72, 72, 84, 84, 84, 85, 98, 98, 99, 141, 141, 141, 281, 281, 281, 282, 302, 302, 303, 303, 303, 322, 322, 322, 323, 345, 345, 345, 345, 345, 345, 348, 405, 416, 431, 438, 465, 475, 482, 485, 492, 495, 501, 508, 515, 522, 532, 542, 561, 567, 571, 575, 583, 588, 602, 619, 1053],