{"iters": 500, "step_interval": 25, "total_grad_updates": 500, "timeout": 2700, "setup_time": 0.023526906967163086, "opt_time": 2725.416652441025, "method_name": "torch", "total_violated": 70408, "hist": {"0": 83411, "1": 2149, "2": 1458, "3": 974, "4": 674, "5": 528, "6": 417, "7": 352, "8": 281, "9": 254, "10": 201, "11": 184, "12": 178, "13": 153, "14": 134, "16": 127, "15": 124, "17": 105, "18": 85, "19": 80, "24": 77, "21": 75, "23": 65, "20": 63, "22": 62, "26": 53, "25": 52, "31": 44, "27": 40, "28": 39, "32": 36, "29": 35, "30": 32, "34": 31, "36": 26, "42": 22, "44": 22, "39": 21, "35": 20, "38": 20, "33": 19, "37": 19, "41": 16, "48": 15, "40": 15, "43": 14, "47": 13, "45": 9, "46": 9, "49": 9}, "max_violated": 49, "boost_weights": {"('actual_color', 'actual_color')": 56.71397399902344, "('actual_color', 'actual_color.3gram')": 35.10966873168945, "('actual_color', 'concat_all')": 83.08846282958984, "('actual_color', 'concat_all.3gram')": 62.68816375732422, "('assembled_product_height', 'concat_all')": 239.34739685058594, "('assembled_product_length', 'concat_all')": 224.21963500976562, "('assembled_product_width', 'concat_all')": 111.73322296142578, "('back_panel_height', 'back_panel_height')": 1.6597388982772827, "('back_panel_height', 'back_panel_height.3gram')": 6.452741622924805, "('back_panel_height', 'concat_all')": 1.867140293121338, "('back_panel_height', 'concat_all.3gram')": 6.509631633758545, "('brand', 'brand')": 2.749934673309326, "('brand', 'brand.3gram')": 18.529253005981445, "('brand', 'concat_all')": 35.14905548095703, "('color', 'color')": 81.66702270507812, "('color', 'color.3gram')": 83.92253875732422, "('color', 'concat_all')": 79.93616485595703, "('color', 'concat_all.3gram')": 55.72283935546875, "('depth', 'concat_all')": 54.121742248535156, "('depth', 'depth')": 12.847872734069824, "('digital_video_formats', 'digital_video_formats')": 28.909992218017578, "('digital_video_formats', 'digital_video_formats.3gram')": 4.620866298675537, "('fastener_type', 'concat_all')": 1.9735294580459595, "('fastener_type', 'concat_all.3gram')": 1.291571855545044, "('fastener_type', 'fastener_type')": 5.7677001953125, "('fastener_type', 'fastener_type.3gram')": 5.16625452041626, "('features', 'concat_all')": 2.0368781089782715, "('features', 'concat_all.3gram')": 7.073565483093262, "('features', 'features')": 6.791965484619141, "('features', 'features.3gram')": 4.598768711090088, "('finish', 'concat_all')": 22.050823211669922, "('finish', 'concat_all.3gram')": 17.049192428588867, "('finish', 'finish')": 39.05430603027344, "('finish', 'finish.3gram')": 41.729820251464844, "('hardware_included', 'concat_all')": 71.82768249511719, "('hardware_included', 'hardware_included')": 3.587563991546631, "('hardware_included', 'hardware_included.3gram')": 3.450723886489868, "('manufacturer', 'manufacturer.3gram')": 65.80023956298828, "('merged', 'concat_all')": 36.542564392089844, "('merged', 'merged')": 40.992340087890625, "('number_of_drive_bays', 'concat_all')": 3.115434169769287, "('number_of_drive_bays', 'number_of_drive_bays')": 7.169817924499512, "('number_of_holes', 'concat_all')": 63.39583969116211, "('number_of_holes', 'number_of_holes')": 70.02490997314453, "('number_of_holes', 'number_of_holes.3gram')": 9.198773384094238, "('number_of_panels', 'concat_all')": 33.53898239135742, "('number_of_panels', 'concat_all.3gram')": 22.60456085205078, "('number_of_panels', 'number_of_panels')": 43.952999114990234, "('number_of_panels', 'number_of_panels.3gram')": 37.5027961730957, "('number_of_rack_units', 'number_of_rack_units')": 1.9648644924163818, "('number_of_rack_units', 'number_of_rack_units.3gram')": 6.103708744049072, "('personalizable', 'concat_all')": 30.159286499023438, "('personalizable', 'concat_all.3gram')": 22.950166702270508, "('personalizable', 'personalizable')": 80.77107238769531, "('personalizable', 'personalizable.3gram')": 1.3612803220748901, "('pole_color', 'concat_all')": 1.7935127019882202, "('pole_color', 'concat_all.3gram')": 8.635762214660645, "('pole_color', 'pole_color')": 7.3521575927734375, "('pole_color', 'pole_color.3gram')": 4.775993347167969, "('product_name', 'concat_all')": 46.06193923950195, "('product_name', 'concat_all.3gram')": 27.093231201171875, "('product_name', 'product_name')": 132.7759246826172, "('product_name', 'product_name.3gram')": 8.885114669799805, "('product_short_description', 'concat_all')": 9.391985893249512, "('rack_size', 'concat_all')": 30.117305755615234, "('rack_size', 'concat_all.3gram')": 10.409505844116211, "('rack_size', 'rack_size')": 35.023780822753906, "('rack_size', 'rack_size.3gram')": 54.42544174194336, "('size', 'concat_all')": 72.9375, "('size', 'size')": 112.89814758300781, "('size', 'size.3gram')": 9.218449592590332, "('sports_team', 'concat_all')": 3.2781362533569336, "('sports_team', 'concat_all.3gram')": 1.0, "('sports_team', 'sports_team')": 5.465604305267334, "('sports_team', 'sports_team.3gram')": 1.5469447374343872, "('style', 'concat_all')": 25.641069412231445, "('style', 'concat_all.3gram')": 8.555997848510742, "('style', 'style')": 29.05968475341797, "('style', 'style.3gram')": 5.212968349456787, "('type', 'concat_all')": 1.9307098388671875, "('type', 'concat_all.3gram')": 5.242729187011719, "('type', 'type')": 7.658114910125732, "('type', 'type.3gram')": 8.22388744354248}, "time_series": {"time": [97.19773936271667, 194.33557319641113, 291.5907220840454, 388.8894090652466, 482.274542093277, 577.9823670387268, 672.7915637493134, 765.489649772644, 858.2084431648254, 950.8860340118408, 1043.518408536911, 1136.0205011367798, 1228.469360589981, 1320.8917562961578, 1413.6183891296387, 1505.819611787796, 1598.1065349578857, 1692.8911769390106, 1790.765785932541, 1888.2193739414215, 1982.070687532425, 2076.913944721222, 2169.588165998459, 2262.405151128769, 2354.9612448215485, 2447.226838350296, 2539.968915462494, 2632.708390712738, 2725.416651725769], "obj_val": [70615, 70564, 70564, 70564, 70564, 70564, 70493, 70493, 70493, 70493, 70493, 70493, 70493, 70493, 70464, 70464, 70464, 70464, 70464, 70464, 70464, 70464, 70464, 70464, 70464, 70464, 70464, 70464, 70464]}, "dataset": "electronics", "dataset_path": "/home/derek/cs787/proj/data/electronics.parquet", "time_ran": "2022-05-01 12:23:57.201107", "num_constraints": 3711208, "topk": 50}
