{"solver": "GUROBI_CMD", "relaxed": false, "log_file": "/tmp/gurobi.log.k68jzf07", "opt_time": 2700.8848581314087, "method_name": "MILP", "total_violated": 296, "hist": {"0": 624, "1": 47, "2": 9, "16": 4, "15": 4, "6": 3, "4": 3, "19": 2, "3": 2, "13": 1, "11": 1, "9": 1}, "max_violated": 19, "boost_weights": {"('description', 'concat_all')": 41.35738812202509, "('description', 'concat_all.3gram')": 8.111966742962831, "('name', 'concat_all')": 77.62018021628037, "('name', 'concat_all.3gram')": 23.388256113394448, "('name', 'name')": 1.0, "('name', 'name.3gram')": 33.82930992945889, "('price', 'concat_all')": 142.35944679299166, "('price', 'price.3gram')": 76.27964277337952}, "time_series": {"time": [1, 4, 11, 11, 11, 11, 30, 30, 30, 30, 30, 30, 30, 30, 30, 30, 31, 52, 52, 52, 53, 53, 53, 75, 75, 75, 75, 75, 75, 76, 97, 97, 97, 97, 97, 97, 122, 122, 122, 122, 122, 122, 142, 142, 142, 142, 162, 162, 162, 162, 190, 190, 190, 190, 190, 190, 190, 208, 208, 208, 208, 208, 208, 208, 208, 208, 208, 208, 208, 208, 208, 208, 209, 209, 209, 209, 209, 209, 209, 209, 209, 209, 209, 209, 209, 209, 209, 209, 209, 209, 209, 209, 209, 210, 210, 210, 210, 210, 210, 210, 210, 210, 210, 210, 210, 210, 210, 210, 210, 210, 211, 211, 211, 211, 211, 211, 211, 211, 211, 211, 211, 211, 211, 211, 211, 211, 211, 212, 212, 212, 212, 212, 212, 212, 212, 212, 247, 251, 325, 375, 381, 385, 432, 456, 485, 490, 495, 500, 505, 510, 515, 520, 525, 530, 535, 541, 545, 550, 555, 560, 565, 592, 608, 610, 616, 620, 625, 630, 635, 640, 645, 664, 667, 675, 681, 710, 783, 785, 800, 821, 825, 830, 835, 840, 882, 885, 890, 895, 900, 905, 911, 915, 921, 926, 931, 938, 941, 946, 952, 955, 961, 965, 978, 982, 987, 992, 1003, 1008, 1085, 1109, 1132, 1135, 1140, 1145, 1151, 1155, 1160, 1165, 1170, 1175, 1180, 1185, 1190, 1195, 1200, 1205, 1210, 1215, 1220, 1226, 1230, 1235, 1240, 1245, 1250, 1255, 1260, 1265, 1270, 1275, 1280, 1285, 1290, 1296, 1300, 1305, 1310, 1315, 1320, 1325, 1330, 1335, 1340, 1345, 1350, 1363, 1407, 1416, 1441, 1452, 1479, 1593, 1595, 1600, 1608, 1611, 1616, 1620, 1635, 1650, 1656, 1664, 1666, 1671, 1682, 1687, 1692, 1712, 1715, 1726, 1732, 1736, 1740, 1747, 1752, 1756, 1760, 1779, 1795, 1801, 1809, 1822, 1829, 1837, 1844, 1856, 1865, 1874, 1882, 1891, 1901, 1911, 1921, 1932, 1943, 1954, 1963, 1975, 1989, 1990, 2002, 2015, 2036, 2052, 2071, 2088, 2123, 2136, 2157, 2178, 2245, 2291, 2313, 2333, 2352, 2373, 2395, 2419, 2436, 2455, 2475, 2494, 2514, 2534, 2551, 2606, 2631, 2649, 2667, 2684, 2700], "obj_val": [375.0, 326.0, 326.0, 326.0, 326.0, 326.0, 318.0, 318.0, 318.0, 318.0, 318.0, 318.0, 318.0, 318.0, 318.0, 318.0, 318.0, 318.0, 318.0, 318.0, 318.0, 318.0, 318.0, 318.0, 318.0, 318.0, 318.0, 318.0, 318.0, 318.0, 318.0, 318.0, 318.0, 318.0, 318.0, 318.0, 312.0, 312.0, 312.0, 312.0, 312.0, 312.0, 312.0, 312.0, 312.0, 312.0, 312.0, 312.0, 312.0, 312.0, 305.0, 305.0, 305.0, 305.0, 305.0, 305.0, 305.0, 305.0, 305.0, 305.0, 305.0, 305.0, 305.0, 305.0, 305.0, 305.0, 305.0, 305.0, 305.0, 305.0, 305.0, 305.0, 305.0, 305.0, 305.0, 305.0, 305.0, 305.0, 305.0, 305.0, 305.0, 305.0, 305.0, 305.0, 305.0, 305.0, 305.0, 305.0, 305.0, 305.0, 305.0, 305.0, 305.0, 305.0, 305.0, 305.0, 305.0, 305.0, 305.0, 305.0, 305.0, 305.0, 305.0, 305.0, 305.0, 305.0, 305.0, 305.0, 305.0, 305.0, 305.0, 305.0, 305.0, 305.0, 305.0, 305.0, 305.0, 305.0, 305.0, 305.0, 305.0, 305.0, 305.0, 305.0, 305.0, 305.0, 305.0, 305.0, 305.0, 305.0, 305.0, 305.0, 305.0, 305.0, 305.0, 305.0, 305.0, 305.0, 300.0, 300.0, 297.0, 297.0, 297.0, 297.0, 297.0, 297.0, 297.0, 297.0, 297.0, 297.0, 297.0, 297.0, 297.0, 297.0, 297.0, 297.0, 297.0, 297.0, 297.0, 297.0, 297.0, 297.0, 297.0, 297.0, 297.0, 297.0, 297.0, 297.0, 297.0, 297.0, 297.0, 297.0, 297.0, 297.0, 297.0, 297.0, 297.0, 297.0, 297.0, 297.0, 297.0, 297.0, 297.0, 297.0, 297.0, 297.0, 297.0, 297.0, 297.0, 297.0, 297.0, 297.0, 297.0, 297.0, 297.0, 297.0, 297.0, 297.0, 297.0, 297.0, 297.0, 297.0, 297.0, 297.0, 297.0, 297.0, 297.0, 297.0, 297.0, 297.0, 297.0, 297.0, 297.0, 297.0, 297.0, 297.0, 297.0, 297.0, 297.0, 297.0, 297.0, 297.0, 297.0, 297.0, 297.0, 297.0, 297.0, 297.0, 297.0, 297.0, 297.0, 297.0, 297.0, 297.0, 297.0, 297.0, 297.0, 297.0, 297.0, 297.0, 297.0, 297.0, 297.0, 297.0, 297.0, 297.0, 297.0, 297.0, 297.0, 297.0, 297.0, 297.0, 297.0, 297.0, 297.0, 297.0, 297.0, 297.0, 297.0, 297.0, 297.0, 297.0, 297.0, 297.0, 297.0, 297.0, 297.0, 297.0, 297.0, 297.0, 297.0, 297.0, 297.0, 297.0, 297.0, 297.0, 297.0, 297.0, 297.0, 297.0, 297.0, 297.0, 297.0, 297.0, 297.0, 297.0, 297.0, 297.0, 297.0, 297.0, 297.0, 297.0, 297.0, 297.0, 297.0, 297.0, 297.0, 297.0, 297.0, 297.0, 297.0, 297.0, 297.0, 297.0, 297.0, 297.0, 297.0, 297.0, 297.0, 297.0, 297.0, 297.0, 297.0, 297.0, 297.0, 297.0, 297.0, 297.0, 297.0, 297.0, 297.0, 297.0, 297.0, 297.0, 297.0, 297.0, 297.0, 297.0, 297.0, 297.0, 297.0, 297.0, 297.0, 297.0, 297.0, 297.0, 297.0, 297.0, 297.0, 297.0, 297.0]}, "dataset": "Abt-Buy", "dataset_path": "/home/derek/cs787/proj/data/Abt-Buy.parquet", "time_ran": "2022-04-21 12:21:46.995885", "num_constraints": 7769, "topk": 50}
{"solver": "GUROBI_CMD", "relaxed": false, "log_file": "/tmp/gurobi.log.dx7yj9xl", "opt_time": 2706.8245854377747, "method_name": "MILP", "total_violated": 1041, "hist": {"0": 794, "1": 585, "2": 151, "3": 29, "4": 5, "6": 2, "35": 1}, "max_violated": 35, "boost_weights": {"('Name', 'Name')": 1.9072553846697284, "('Name', 'Name.3gram')": 2.740720078988531, "('Name', 'concat_all')": 1.0, "('Name', 'concat_all.3gram')": 7.525275895500768}, "time_series": {"time": [16, 45, 168, 168, 180, 197, 299, 455, 464, 470, 484, 485, 485, 518, 666, 668, 668, 669, 669, 669, 669, 675, 822, 823, 823, 824, 824, 828, 1025, 1025, 1026, 1028, 1196, 1197, 1197, 1198, 1198, 1199, 1201, 1372, 1372, 1372, 1375, 2218, 2219, 2219, 2220, 2220, 2222, 2390, 2390, 2391, 2391, 2392, 2394, 2542, 2543, 2543, 2544, 2546], "obj_val": [2349.0, 1146.0, 1145.0, 1145.0, 1145.0, 1145.0, 1145.0, 1118.0, 1118.0, 1118.0, 1118.0, 1118.0, 1118.0, 1118.0, 1118.0, 1118.0, 1118.0, 1118.0, 1118.0, 1118.0, 1118.0, 1118.0, 1118.0, 1118.0, 1118.0, 1118.0, 1118.0, 1118.0, 1118.0, 1118.0, 1118.0, 1118.0, 1118.0, 1118.0, 1118.0, 1118.0, 1118.0, 1118.0, 1118.0, 1118.0, 1118.0, 1118.0, 1118.0, 1117.0, 1117.0, 1117.0, 1117.0, 1117.0, 1117.0, 1117.0, 1117.0, 1117.0, 1117.0, 1117.0, 1117.0, 1117.0, 1117.0, 1117.0, 1117.0, 1117.0]}, "dataset": "uwhealth", "dataset_path": "/home/derek/cs787/proj/data/uwhealth.parquet", "time_ran": "2022-04-21 13:08:58.884309", "num_constraints": 72941, "topk": 50}
{"solver": "GUROBI_CMD", "relaxed": false, "log_file": "/tmp/gurobi.log.oc__aoby", "opt_time": 1326.5956435203552, "method_name": "MILP", "total_violated": 25, "hist": {"0": 1119, "1": 14, "2": 2, "4": 1, "3": 1}, "max_violated": 4, "boost_weights": {"('brand', 'brand')": 792.7600458951438, "('modelno', 'modelno')": 185.13967250695106, "('modelno', 'modelno.3gram')": 273.03676871845676, "('proddescrlong', 'concat_all.3gram')": 1.0, "('title', 'concat_all')": 4.895107065317112, "('title', 'concat_all.3gram')": 55.40833924569381, "('title', 'title')": 293.08190174193595, "('title', 'title.3gram')": 1.7732525012713258}, "time_series": {"time": [3, 10, 35, 64, 64, 64, 85, 85, 85, 85, 85, 86, 107, 107, 107, 107, 231, 231, 260, 260, 260, 261, 274, 274, 274, 275, 275, 275, 286, 300, 301, 301, 329, 329, 329, 329, 330, 350, 350, 350, 350, 350, 363, 363, 363, 364, 375, 376, 402, 443, 464, 467, 477, 480, 555, 565, 582, 590, 595, 606, 615, 621, 724, 728, 731, 735, 743, 748, 753, 762, 784, 797, 803, 1232, 1248, 1256, 1282, 1301],